uniqueID,subject,label
718,subj_001,F
722,subj_002,F
602,subj_003,M
604,subj_004,F
605,subj_005,F
606,subj_006,M
673,subj_007,F
674,subj_008,M
675,subj_009,F
707,subj_010,F
709,subj_011,F
712,subj_012,F
714,subj_013,M
715,subj_014,F
716,subj_015,F
717,subj_016,M
719,subj_017,M
720,subj_018,M
723,subj_019,M
710,subj_020,F
150,subj_021,M
186,subj_022,F
205,subj_023,M
210,subj_024,F
214,subj_025,M
230,subj_026,F
244,subj_027,M
337,subj_028,M
824,subj_029,F
195,subj_030,F
250,subj_031,M
372,subj_032,F
676,subj_033,M
618,subj_034,F
666,subj_035,F
018,subj_036,M
036,subj_037,F
043,subj_038,F
045,subj_039,F
050,subj_040,F
055,subj_041,F
097,subj_042,F
135,subj_043,M
149,subj_044,F
152,subj_045,F
168,subj_046,F
175,subj_047,F
181,subj_048,F
182,subj_049,M
183,subj_050,M
185,subj_051,M
187,subj_052,M
188,subj_053,F
189,subj_054,F
191,subj_055,F
192,subj_056,M
193,subj_057,F
194,subj_058,M
196,subj_059,F
197,subj_060,F
198,subj_061,F
199,subj_062,F
200,subj_063,F
201,subj_064,F
202,subj_065,F
203,subj_066,F
204,subj_067,M
206,subj_068,F
207,subj_069,F
208,subj_070,F
209,subj_071,F
211,subj_072,F
212,subj_073,M
213,subj_074,M
215,subj_075,F
216,subj_076,M
217,subj_077,F
218,subj_078,M
219,subj_079,M
220,subj_080,F
221,subj_081,F
222,subj_082,M
223,subj_083,F
224,subj_084,F
225,subj_085,M
226,subj_086,F
227,subj_087,F
228,subj_088,F
229,subj_089,F
231,subj_090,M
232,subj_091,F
233,subj_092,F
234,subj_093,M
235,subj_094,F
236,subj_095,F
237,subj_096,F
238,subj_097,F
239,subj_098,F
240,subj_099,F
241,subj_100,M
242,subj_101,F
243,subj_102,M
245,subj_103,F
246,subj_104,F
247,subj_105,F
248,subj_106,F
249,subj_107,M
251,subj_108,M
252,subj_109,M
253,subj_110,M
254,subj_111,F
255,subj_112,M
256,subj_113,M
257,subj_114,M
258,subj_115,F
259,subj_116,F
261,subj_117,M
262,subj_118,F
263,subj_119,M
264,subj_120,F
265,subj_121,F
266,subj_122,F
267,subj_123,F
268,subj_124,M
269,subj_125,F
270,subj_126,M
271,subj_127,F
272,subj_128,M
273,subj_129,F
274,subj_130,F
275,subj_131,M
276,subj_132,F
278,subj_133,M
279,subj_134,F
280,subj_135,M
281,subj_136,F
282,subj_137,F
283,subj_138,F
284,subj_139,F
285,subj_140,F
286,subj_141,F
287,subj_142,F
288,subj_143,M
289,subj_144,F
290,subj_145,F
291,subj_146,M
292,subj_147,F
293,subj_148,M
294,subj_149,M
295,subj_150,M
296,subj_151,M
297,subj_152,M
298,subj_153,F
299,subj_154,F
300,subj_155,M
301,subj_156,M
302,subj_157,F
303,subj_158,F
304,subj_159,F
305,subj_160,F
306,subj_161,F
307,subj_162,F
308,subj_163,F
309,subj_164,F
310,subj_165,F
311,subj_166,F
312,subj_167,M
316,subj_168,F
318,subj_169,M
319,subj_170,F
320,subj_171,M
321,subj_172,M
322,subj_173,F
323,subj_174,M
324,subj_175,F
325,subj_176,F
326,subj_177,M
327,subj_178,M
328,subj_179,M
329,subj_180,F
330,subj_181,M
331,subj_182,F
332,subj_183,F
333,subj_184,F
334,subj_185,F
335,subj_186,F
336,subj_187,F
338,subj_188,F
339,subj_189,F
340,subj_190,F
341,subj_191,F
342,subj_192,F
343,subj_193,F
344,subj_194,M
345,subj_195,M
346,subj_196,M
347,subj_197,F
348,subj_198,M
349,subj_199,F
350,subj_200,M
351,subj_201,M
352,subj_202,M
353,subj_203,F
354,subj_204,F
355,subj_205,F
356,subj_206,F
357,subj_207,F
358,subj_208,F
359,subj_209,F
360,subj_210,M
361,subj_211,M
362,subj_212,F
363,subj_213,F
364,subj_214,F
365,subj_215,F
366,subj_216,F
367,subj_217,F
368,subj_218,F
369,subj_219,M
370,subj_220,M
371,subj_221,M
373,subj_222,F
375,subj_223,M
376,subj_224,F
377,subj_225,F
378,subj_226,F
379,subj_227,F
380,subj_228,M
381,subj_229,F
382,subj_230,F
383,subj_231,F
384,subj_232,M
385,subj_233,F
386,subj_234,M
387,subj_235,M
388,subj_236,F
389,subj_237,M
390,subj_238,F
391,subj_239,M
392,subj_240,F
393,subj_241,M
394,subj_242,M
395,subj_243,F
396,subj_244,M
397,subj_245,F
398,subj_246,F
399,subj_247,F
400,subj_248,M
401,subj_249,M
402,subj_250,F
403,subj_251,F
404,subj_252,M
405,subj_253,F
406,subj_254,M
407,subj_255,M
408,subj_256,M
409,subj_257,M
410,subj_258,M
411,subj_259,M
412,subj_260,M
413,subj_261,M
414,subj_262,M
415,subj_263,F
416,subj_264,F
418,subj_265,F
419,subj_266,F
420,subj_267,M
421,subj_268,M
422,subj_269,F
423,subj_270,M
424,subj_271,F
425,subj_272,F
426,subj_273,M
427,subj_274,F
428,subj_275,M
429,subj_276,M
430,subj_277,M
431,subj_278,M
432,subj_279,M
433,subj_280,M
434,subj_281,F
435,subj_282,M
436,subj_283,M
437,subj_284,M
438,subj_285,M
439,subj_286,M
440,subj_287,M
441,subj_288,M
442,subj_289,F
443,subj_290,M
444,subj_291,F
445,subj_292,F
446,subj_293,M
448,subj_294,F
449,subj_295,F
450,subj_296,M
451,subj_297,F
452,subj_298,M
453,subj_299,F
454,subj_300,M
455,subj_301,M
456,subj_302,M
457,subj_303,M
458,subj_304,M
459,subj_305,M
460,subj_306,F
461,subj_307,F
462,subj_308,M
463,subj_309,F
464,subj_310,F
465,subj_311,M
466,subj_312,F
467,subj_313,M
468,subj_314,F
469,subj_315,M
470,subj_316,M
471,subj_317,M
472,subj_318,M
473,subj_319,F
474,subj_320,F
475,subj_321,F
477,subj_322,F
478,subj_323,F
479,subj_324,F
480,subj_325,F
481,subj_326,M
482,subj_327,F
484,subj_328,F
488,subj_329,M
489,subj_330,F
490,subj_331,F
491,subj_332,M
492,subj_333,M
493,subj_334,F
494,subj_335,F
495,subj_336,M
496,subj_337,M
497,subj_338,M
498,subj_339,F
499,subj_340,M
500,subj_341,F
501,subj_342,F
502,subj_343,F
503,subj_344,F
504,subj_345,F
505,subj_346,F
506,subj_347,F
507,subj_348,F
508,subj_349,M
509,subj_350,M
510,subj_351,F
511,subj_352,M
512,subj_353,F
513,subj_354,F
514,subj_355,M
515,subj_356,F
517,subj_357,M
518,subj_358,F
519,subj_359,M
520,subj_360,F
521,subj_361,F
522,subj_362,F
523,subj_363,F
524,subj_364,F
525,subj_365,M
526,subj_366,F
527,subj_367,M
528,subj_368,F
529,subj_369,F
530,subj_370,M
531,subj_371,M
532,subj_372,F
533,subj_373,M
534,subj_374,F
535,subj_375,F
536,subj_376,F
537,subj_377,F
538,subj_378,F
539,subj_379,M
540,subj_380,M
541,subj_381,F
542,subj_382,F
543,subj_383,M
544,subj_384,M
545,subj_385,F
546,subj_386,M
547,subj_387,F
548,subj_388,F
549,subj_389,M
550,subj_390,F
551,subj_391,F
552,subj_392,F
553,subj_393,M
554,subj_394,M
555,subj_395,F
556,subj_396,F
557,subj_397,M
558,subj_398,F
559,subj_399,M
561,subj_400,F
562,subj_401,F
563,subj_402,F
564,subj_403,M
565,subj_404,F
566,subj_405,M
567,subj_406,F
568,subj_407,M
569,subj_408,F
570,subj_409,F
571,subj_410,F
572,subj_411,F
573,subj_412,F
574,subj_413,M
575,subj_414,M
576,subj_415,F
577,subj_416,F
578,subj_417,M
579,subj_418,M
580,subj_419,M
581,subj_420,M
582,subj_421,F
583,subj_422,M
584,subj_423,F
585,subj_424,F
586,subj_425,M
587,subj_426,M
588,subj_427,F
589,subj_428,F
590,subj_429,F
591,subj_430,F
592,subj_431,M
593,subj_432,M
594,subj_433,M
595,subj_434,M
596,subj_435,F
597,subj_436,M
598,subj_437,F
599,subj_438,M
600,subj_439,M
601,subj_440,M
603,subj_441,F
607,subj_442,F
608,subj_443,F
609,subj_444,F
610,subj_445,F
611,subj_446,F
613,subj_447,F
614,subj_448,F
617,subj_449,F
619,subj_450,M
620,subj_451,M
624,subj_452,M
625,subj_453,M
626,subj_454,M
627,subj_455,F
628,subj_456,F
629,subj_457,F
630,subj_458,F
632,subj_459,F
633,subj_460,F
634,subj_461,F
635,subj_462,M
636,subj_463,F
637,subj_464,M
638,subj_465,F
640,subj_466,F
641,subj_467,M
642,subj_468,M
643,subj_469,F
645,subj_470,F
647,subj_471,M
648,subj_472,F
649,subj_473,M
654,subj_474,M
655,subj_475,M
656,subj_476,M
657,subj_477,F
658,subj_478,F
659,subj_479,M
660,subj_480,F
661,subj_481,M
662,subj_482,M
663,subj_483,M
664,subj_484,F
665,subj_485,M
667,subj_486,F
668,subj_487,M
669,subj_488,M
670,subj_489,F
671,subj_490,F
672,subj_491,F
677,subj_492,F
678,subj_493,F
679,subj_494,M
680,subj_495,F
681,subj_496,M
682,subj_497,F
683,subj_498,M
684,subj_499,F
685,subj_500,F
686,subj_501,F
687,subj_502,M
688,subj_503,F
689,subj_504,F
690,subj_505,F
691,subj_506,F
692,subj_507,M
693,subj_508,M
694,subj_509,M
695,subj_510,M
696,subj_511,M
697,subj_512,M
698,subj_513,F
699,subj_514,M
700,subj_515,M
701,subj_516,M
702,subj_517,F
703,subj_518,M
704,subj_519,F
705,subj_520,F
706,subj_521,M
713,subj_522,M
721,subj_523,F
724,subj_524,F
725,subj_525,M
726,subj_526,F
727,subj_527,M
728,subj_528,F
729,subj_529,M
730,subj_530,F
731,subj_531,M
732,subj_532,F
733,subj_533,M
734,subj_534,F
735,subj_535,F
736,subj_536,M
737,subj_537,M
738,subj_538,F
739,subj_539,F
740,subj_540,F
741,subj_541,M
742,subj_542,F
743,subj_543,M
744,subj_544,F
745,subj_545,F
746,subj_546,F
747,subj_547,F
748,subj_548,F
749,subj_549,F
750,subj_550,M
751,subj_551,M
752,subj_552,M
753,subj_553,F
754,subj_554,F
755,subj_555,F
756,subj_556,M
757,subj_557,F
758,subj_558,M
759,subj_559,F
760,subj_560,F
761,subj_561,F
762,subj_562,M
763,subj_563,F
764,subj_564,M
765,subj_565,F
766,subj_566,F
767,subj_567,M
768,subj_568,F
769,subj_569,F
770,subj_570,M
771,subj_571,F
772,subj_572,M
773,subj_573,F
774,subj_574,F
775,subj_575,F
776,subj_576,M
777,subj_577,F
778,subj_578,M
779,subj_579,F
780,subj_580,M
781,subj_581,M
782,subj_582,M
783,subj_583,F
784,subj_584,M
785,subj_585,F
786,subj_586,M
787,subj_587,F
788,subj_588,F
789,subj_589,F
790,subj_590,M
791,subj_591,M
792,subj_592,M
793,subj_593,F
794,subj_594,M
795,subj_595,F
796,subj_596,M
797,subj_597,F
798,subj_598,F
799,subj_599,M
800,subj_600,M
801,subj_601,F
803,subj_602,M
805,subj_603,F
806,subj_604,F
807,subj_605,F
808,subj_606,F
809,subj_607,M
810,subj_608,F
811,subj_609,F
812,subj_610,F
813,subj_611,F
814,subj_612,F
815,subj_613,M
816,subj_614,F
817,subj_615,F
818,subj_616,M
819,subj_617,M
820,subj_618,M
821,subj_619,F
822,subj_620,F
823,subj_621,F
825,subj_622,M
826,subj_623,F
827,subj_624,F
828,subj_625,F
829,subj_626,F
830,subj_627,M
831,subj_628,M
832,subj_629,F
833,subj_630,M
834,subj_631,F
835,subj_632,M
260,subj_633,M
447,subj_634,F
804,subj_635,F
007,subj_636,M
091,subj_637,F
093,subj_638,M
094,subj_639,M
102,subj_640,M
315,subj_641,M
313,subj_642,F
314,subj_643,M
144,subj_644,F
053,subj_645,F
072,subj_646,F
087,subj_647,F
095,subj_648,M
103,subj_649,M
113,subj_650,F
115,subj_651,F
120,subj_652,M
121,subj_653,F
123,subj_654,F
124,subj_655,F
125,subj_656,M
126,subj_657,M
127,subj_658,F
128,subj_659,F
129,subj_660,F
133,subj_661,F
134,subj_662,F
136,subj_663,F
137,subj_664,F
138,subj_665,F
139,subj_666,F
140,subj_667,F
141,subj_668,M
142,subj_669,F
143,subj_670,F
146,subj_671,F
147,subj_672,F
148,subj_673,F
151,subj_674,M
154,subj_675,F
155,subj_676,F
156,subj_677,F
158,subj_678,M
159,subj_679,F
160,subj_680,M
161,subj_681,M
162,subj_682,M
163,subj_683,F
164,subj_684,M
165,subj_685,F
166,subj_686,M
167,subj_687,M
169,subj_688,F
170,subj_689,F
171,subj_690,M
172,subj_691,M
173,subj_692,M
174,subj_693,M
176,subj_694,F
177,subj_695,F
178,subj_696,M
179,subj_697,F
180,subj_698,F
184,subj_699,M
190,subj_700,F
417,subj_701,M
476,subj_702,M
483,subj_703,M
485,subj_704,M
486,subj_705,M
157,subj_706,F
112,subj_707,F
114,subj_708,F
118,subj_709,F
119,subj_710,F
130,subj_711,F
131,subj_712,F
153,subj_713,F
029,subj_714,F
001,subj_715,F
002,subj_716,M
003,subj_717,F
004,subj_718,F
005,subj_719,F
006,subj_720,F
022,subj_721,F
023,subj_722,M
027,subj_723,F
028,subj_724,M
031,subj_725,M
032,subj_726,F
026,subj_727,F
033,subj_728,F
025,subj_729,F
008,subj_730,F
009,subj_731,F
010,subj_732,M
011,subj_733,F
012,subj_734,F
013,subj_735,F
014,subj_736,F
015,subj_737,M
016,subj_738,F
020,subj_739,F
024,subj_740,F
116,subj_741,F
117,subj_742,F
132,subj_743,M
122,subj_744,M
145,subj_745,M
060,subj_746,M
017,subj_747,M
019,subj_748,F
021,subj_749,M
030,subj_750,M
034,subj_751,M
035,subj_752,M
037,subj_753,M
038,subj_754,F
039,subj_755,F
040,subj_756,F
041,subj_757,F
042,subj_758,M
044,subj_759,M
046,subj_760,F
047,subj_761,F
048,subj_762,F
049,subj_763,F
051,subj_764,M
052,subj_765,F
054,subj_766,F
056,subj_767,M
057,subj_768,M
058,subj_769,M
059,subj_770,F
061,subj_771,F
062,subj_772,F
063,subj_773,F
064,subj_774,F
065,subj_775,F
066,subj_776,M
067,subj_777,F
068,subj_778,F
069,subj_779,M
070,subj_780,F
071,subj_781,F
073,subj_782,F
074,subj_783,M
075,subj_784,M
076,subj_785,F
077,subj_786,M
078,subj_787,F
079,subj_788,F
080,subj_789,M
081,subj_790,F
082,subj_791,M
083,subj_792,F
084,subj_793,F
085,subj_794,F
086,subj_795,F
089,subj_796,F
090,subj_797,F
092,subj_798,F
096,subj_799,F
098,subj_800,F
099,subj_801,F
100,subj_802,M
101,subj_803,F
104,subj_804,F
105,subj_805,M
106,subj_806,F
107,subj_807,F
108,subj_808,F
109,subj_809,F
110,subj_810,F
111,subj_811,F
088,subj_812,F